{
    "payloads": [
        {
            "directoryServerID": "A000000658",
            "type": "dsPublicKey",
            "filename": "MirPublicKey",
            "fileExtension": "cer",
            "algorithm": "rsa",
            "sha256Fingerprint": "6E:F2:4B:46:5E:45:47:6B:13:5A:DA:23:0A:CF:70:4A:F3:28:AE:54:3D:01:3D:89:58:06:E1:0A:2E:34:6F:01",
            "notAfterDate": "2024-07-24 14:03:31Z"
        },
        {   "directoryServerID": "A000000658",
            "type": "dsRootCA",
            "filename": "MirRootCA",
            "fileExtension": "cer",
            "algorithm": "rsa",
            "sha256Fingerprint": "80:52:61:DA:BA:F2:1D:B4:A7:F4:3B:87:DD:56:5D:70:D0:48:A7:80:84:07:8B:0B:FE:93:6F:D9:D9:09:7F:80",
            "notAfterDate": "2031-07-23 10:16:11Z"
        },
        {
            "directoryServerID": "A000000003",
            "type": "dsPublicKey",
            "filename": "VisaPublicKey",
            "fileExtension": "cer",
            "algorithm": "rsa",
            "sha256Fingerprint": "6E:F2:4B:46:5E:45:47:6B:13:5A:DA:23:0A:CF:70:4A:F3:28:AE:54:3D:01:3D:89:58:06:E1:0A:2E:34:6F:01",
            "notAfterDate": "2024-07-24 14:03:31Z"
        },
        {   "directoryServerID": "A000000003",
            "type": "dsRootCA",
            "filename": "VisaRootCA",
            "fileExtension": "cer",
            "algorithm": "rsa",
            "sha256Fingerprint": "80:52:61:DA:BA:F2:1D:B4:A7:F4:3B:87:DD:56:5D:70:D0:48:A7:80:84:07:8B:0B:FE:93:6F:D9:D9:09:7F:80",
            "notAfterDate": "2031-07-23 10:16:11Z"
        },
        {
            "directoryServerID": "A000000004",
            "type": "dsPublicKey",
            "filename": "MCPublicKey",
            "fileExtension": "cer",
            "algorithm": "rsa",
            "sha256Fingerprint": "6E:F2:4B:46:5E:45:47:6B:13:5A:DA:23:0A:CF:70:4A:F3:28:AE:54:3D:01:3D:89:58:06:E1:0A:2E:34:6F:01",
            "notAfterDate": "2024-07-24 14:03:31Z"
        },
        {   "directoryServerID": "A000000004",
            "type": "dsRootCA",
            "filename": "MCRootCA",
            "fileExtension": "cer",
            "algorithm": "rsa",
            "sha256Fingerprint": "80:52:61:DA:BA:F2:1D:B4:A7:F4:3B:87:DD:56:5D:70:D0:48:A7:80:84:07:8B:0B:FE:93:6F:D9:D9:09:7F:80",
            "notAfterDate": "2031-07-23 10:16:11Z"
        },
        {
            "directoryServerID": "A000000333",
            "type": "dsPublicKey",
            "filename": "UPPublicKey",
            "fileExtension": "cer",
            "algorithm": "rsa",
            "sha256Fingerprint": "6E:F2:4B:46:5E:45:47:6B:13:5A:DA:23:0A:CF:70:4A:F3:28:AE:54:3D:01:3D:89:58:06:E1:0A:2E:34:6F:01",
            "notAfterDate": "2024-07-24 14:03:31Z"
        },
        {   "directoryServerID": "A000000333",
            "type": "dsRootCA",
            "filename": "UPRootCA",
            "fileExtension": "cer",
            "algorithm": "rsa",
            "sha256Fingerprint": "80:52:61:DA:BA:F2:1D:B4:A7:F4:3B:87:DD:56:5D:70:D0:48:A7:80:84:07:8B:0B:FE:93:6F:D9:D9:09:7F:80",
            "notAfterDate": "2031-07-23 10:16:11Z"
        }
    ]
}
